Name,Slug,Collection ID,Locale ID,Item ID,Created On,Updated On,Published On,Image
asset 1,asset-1,67da44024929a3dd38d282ee,67da44024929a3dd38d282e1,67da46da2bf719d4f440f31c,Wed Mar 19 2025 04:23:54 GMT+0000 (Coordinated Universal Time),Wed Mar 19 2025 04:23:54 GMT+0000 (Coordinated Universal Time),Wed Mar 19 2025 04:23:54 GMT+0000 (Coordinated Universal Time),https://cdn.prod.website-files.com/67da44024929a3dd38d282e7/67da46da2bf719d4f440f318_asset-1.jpeg
asset 10,asset-10,67da44024929a3dd38d282ee,67da44024929a3dd38d282e1,67da46e1627b822ef1ab99e1,Wed Mar 19 2025 04:24:01 GMT+0000 (Coordinated Universal Time),Wed Mar 19 2025 04:24:01 GMT+0000 (Coordinated Universal Time),Wed Mar 19 2025 04:24:01 GMT+0000 (Coordinated Universal Time),https://cdn.prod.website-files.com/67da44024929a3dd38d282e7/67da46e1627b822ef1ab99dd_asset-10.jpeg
asset 11,asset-11,67da44024929a3dd38d282ee,67da44024929a3dd38d282e1,67da46c4c5888a2b3375ef36,Wed Mar 19 2025 04:23:32 GMT+0000 (Coordinated Universal Time),Wed Mar 19 2025 04:23:32 GMT+0000 (Coordinated Universal Time),Wed Mar 19 2025 04:23:32 GMT+0000 (Coordinated Universal Time),https://cdn.prod.website-files.com/67da44024929a3dd38d282e7/67da46c4c5888a2b3375ef32_asset-11.jpeg
asset 12,asset-12,67da44024929a3dd38d282ee,67da44024929a3dd38d282e1,67da46e23295727e5a039fed,Wed Mar 19 2025 04:24:02 GMT+0000 (Coordinated Universal Time),Wed Mar 19 2025 04:24:02 GMT+0000 (Coordinated Universal Time),Wed Mar 19 2025 04:24:02 GMT+0000 (Coordinated Universal Time),https://cdn.prod.website-files.com/67da44024929a3dd38d282e7/67da46e23295727e5a039fe9_asset-12.jpeg
asset 13,asset-13,67da44024929a3dd38d282ee,67da44024929a3dd38d282e1,67da46c7779dde91a6fc2e3e,Wed Mar 19 2025 04:23:35 GMT+0000 (Coordinated Universal Time),Wed Mar 19 2025 04:23:35 GMT+0000 (Coordinated Universal Time),Wed Mar 19 2025 04:23:35 GMT+0000 (Coordinated Universal Time),https://cdn.prod.website-files.com/67da44024929a3dd38d282e7/67da46c7779dde91a6fc2dcc_asset-13.jpeg
asset 14,asset-14,67da44024929a3dd38d282ee,67da44024929a3dd38d282e1,67da46e7779dde91a6fc500c,Wed Mar 19 2025 04:24:07 GMT+0000 (Coordinated Universal Time),Wed Mar 19 2025 04:24:07 GMT+0000 (Coordinated Universal Time),Wed Mar 19 2025 04:24:07 GMT+0000 (Coordinated Universal Time),https://cdn.prod.website-files.com/67da44024929a3dd38d282e7/67da46e7779dde91a6fc5008_asset-14.jpeg
asset 15,asset-15,67da44024929a3dd38d282ee,67da44024929a3dd38d282e1,67da46f0c95ed6b39acdf823,Wed Mar 19 2025 04:24:16 GMT+0000 (Coordinated Universal Time),Wed Mar 19 2025 04:24:16 GMT+0000 (Coordinated Universal Time),Wed Mar 19 2025 04:24:16 GMT+0000 (Coordinated Universal Time),https://cdn.prod.website-files.com/67da44024929a3dd38d282e7/67da46f0c95ed6b39acdf80a_asset-15.jpeg
asset 16,asset-16,67da44024929a3dd38d282ee,67da44024929a3dd38d282e1,67da46c2f76376e142f5dc7b,Wed Mar 19 2025 04:23:30 GMT+0000 (Coordinated Universal Time),Wed Mar 19 2025 04:23:30 GMT+0000 (Coordinated Universal Time),Wed Mar 19 2025 04:23:30 GMT+0000 (Coordinated Universal Time),https://cdn.prod.website-files.com/67da44024929a3dd38d282e7/67da46c2f76376e142f5dc4c_asset-16.jpeg
asset 17,asset-17,67da44024929a3dd38d282ee,67da44024929a3dd38d282e1,67da46ea80608e34964e3ed1,Wed Mar 19 2025 04:24:10 GMT+0000 (Coordinated Universal Time),Wed Mar 19 2025 04:24:10 GMT+0000 (Coordinated Universal Time),Wed Mar 19 2025 04:24:10 GMT+0000 (Coordinated Universal Time),https://cdn.prod.website-files.com/67da44024929a3dd38d282e7/67da46ea80608e34964e3ecd_asset-17.jpeg
asset 18,asset-18,67da44024929a3dd38d282ee,67da44024929a3dd38d282e1,67da46d7c5888a2b33760a36,Wed Mar 19 2025 04:23:51 GMT+0000 (Coordinated Universal Time),Wed Mar 19 2025 04:23:51 GMT+0000 (Coordinated Universal Time),Wed Mar 19 2025 04:23:51 GMT+0000 (Coordinated Universal Time),https://cdn.prod.website-files.com/67da44024929a3dd38d282e7/67da46d7c5888a2b3376098f_asset-18.jpeg
asset 19,asset-19,67da44024929a3dd38d282ee,67da44024929a3dd38d282e1,67da46dbcd688320f4dc3b8d,Wed Mar 19 2025 04:23:55 GMT+0000 (Coordinated Universal Time),Wed Mar 19 2025 04:23:55 GMT+0000 (Coordinated Universal Time),Wed Mar 19 2025 04:23:55 GMT+0000 (Coordinated Universal Time),https://cdn.prod.website-files.com/67da44024929a3dd38d282e7/67da46dbcd688320f4dc3b88_asset-19.jpeg
asset 2,asset-2,67da44024929a3dd38d282ee,67da44024929a3dd38d282e1,67da46eb1db68e6234175230,Wed Mar 19 2025 04:24:11 GMT+0000 (Coordinated Universal Time),Wed Mar 19 2025 04:24:11 GMT+0000 (Coordinated Universal Time),Wed Mar 19 2025 04:24:11 GMT+0000 (Coordinated Universal Time),https://cdn.prod.website-files.com/67da44024929a3dd38d282e7/67da46eb1db68e623417516b_asset-2.jpeg
asset 20,asset-20,67da44024929a3dd38d282ee,67da44024929a3dd38d282e1,67da46f3c95ed6b39acdfd10,Wed Mar 19 2025 04:24:19 GMT+0000 (Coordinated Universal Time),Wed Mar 19 2025 04:24:19 GMT+0000 (Coordinated Universal Time),Wed Mar 19 2025 04:24:19 GMT+0000 (Coordinated Universal Time),https://cdn.prod.website-files.com/67da44024929a3dd38d282e7/67da46f3c95ed6b39acdfd03_asset-20.jpeg
asset 21,asset-21,67da44024929a3dd38d282ee,67da44024929a3dd38d282e1,67da46ca95a37ba010607056,Wed Mar 19 2025 04:23:38 GMT+0000 (Coordinated Universal Time),Wed Mar 19 2025 04:23:38 GMT+0000 (Coordinated Universal Time),Wed Mar 19 2025 04:23:38 GMT+0000 (Coordinated Universal Time),https://cdn.prod.website-files.com/67da44024929a3dd38d282e7/67da46ca95a37ba010606fc7_asset-21.jpeg
asset 22,asset-22,67da44024929a3dd38d282ee,67da44024929a3dd38d282e1,67da46c67e4d8b5251f05dcf,Wed Mar 19 2025 04:23:34 GMT+0000 (Coordinated Universal Time),Wed Mar 19 2025 04:23:34 GMT+0000 (Coordinated Universal Time),Wed Mar 19 2025 04:23:34 GMT+0000 (Coordinated Universal Time),https://cdn.prod.website-files.com/67da44024929a3dd38d282e7/67da46c57e4d8b5251f05d47_asset-22.jpeg
asset 23,asset-23,67da44024929a3dd38d282ee,67da44024929a3dd38d282e1,67da46d39fdb4fecd3c38fbb,Wed Mar 19 2025 04:23:47 GMT+0000 (Coordinated Universal Time),Wed Mar 19 2025 04:23:47 GMT+0000 (Coordinated Universal Time),Wed Mar 19 2025 04:23:47 GMT+0000 (Coordinated Universal Time),https://cdn.prod.website-files.com/67da44024929a3dd38d282e7/67da46d39fdb4fecd3c38f58_asset-23.jpeg
asset 24,asset-24,67da44024929a3dd38d282ee,67da44024929a3dd38d282e1,67da46e3779dde91a6fc4d29,Wed Mar 19 2025 04:24:03 GMT+0000 (Coordinated Universal Time),Wed Mar 19 2025 04:24:03 GMT+0000 (Coordinated Universal Time),Wed Mar 19 2025 04:24:03 GMT+0000 (Coordinated Universal Time),https://cdn.prod.website-files.com/67da44024929a3dd38d282e7/67da46e3779dde91a6fc4d0c_asset-24.jpeg
asset 25,asset-25,67da44024929a3dd38d282ee,67da44024929a3dd38d282e1,67da46c195a37ba010606480,Wed Mar 19 2025 04:23:29 GMT+0000 (Coordinated Universal Time),Wed Mar 19 2025 04:23:29 GMT+0000 (Coordinated Universal Time),Wed Mar 19 2025 04:23:29 GMT+0000 (Coordinated Universal Time),https://cdn.prod.website-files.com/67da44024929a3dd38d282e7/67da46c095a37ba01060647c_asset-25.jpeg
asset 3,asset-3,67da44024929a3dd38d282ee,67da44024929a3dd38d282e1,67da46ccc5888a2b3375f8f3,Wed Mar 19 2025 04:23:40 GMT+0000 (Coordinated Universal Time),Wed Mar 19 2025 04:23:40 GMT+0000 (Coordinated Universal Time),Wed Mar 19 2025 04:23:40 GMT+0000 (Coordinated Universal Time),https://cdn.prod.website-files.com/67da44024929a3dd38d282e7/67da46ccc5888a2b3375f8b1_asset-3.jpeg
asset 4,asset-4,67da44024929a3dd38d282ee,67da44024929a3dd38d282e1,67da46edde3193f70db66f50,Wed Mar 19 2025 04:24:13 GMT+0000 (Coordinated Universal Time),Wed Mar 19 2025 04:24:13 GMT+0000 (Coordinated Universal Time),Wed Mar 19 2025 04:24:13 GMT+0000 (Coordinated Universal Time),https://cdn.prod.website-files.com/67da44024929a3dd38d282e7/67da46edde3193f70db66e3f_asset-4.jpeg
asset 5,asset-5,67da44024929a3dd38d282ee,67da44024929a3dd38d282e1,67da46d12da8d78cca073fa6,Wed Mar 19 2025 04:23:45 GMT+0000 (Coordinated Universal Time),Wed Mar 19 2025 04:23:45 GMT+0000 (Coordinated Universal Time),Wed Mar 19 2025 04:23:45 GMT+0000 (Coordinated Universal Time),https://cdn.prod.website-files.com/67da44024929a3dd38d282e7/67da46d12da8d78cca073f90_asset-5.jpeg
asset 6,asset-6,67da44024929a3dd38d282ee,67da44024929a3dd38d282e1,67da46d0f3b10b04edbb19f4,Wed Mar 19 2025 04:23:44 GMT+0000 (Coordinated Universal Time),Wed Mar 19 2025 04:23:44 GMT+0000 (Coordinated Universal Time),Wed Mar 19 2025 04:23:44 GMT+0000 (Coordinated Universal Time),https://cdn.prod.website-files.com/67da44024929a3dd38d282e7/67da46cff3b10b04edbb181d_asset-6.jpeg
asset 7,asset-7,67da44024929a3dd38d282ee,67da44024929a3dd38d282e1,67da46efcd688320f4dc5004,Wed Mar 19 2025 04:24:15 GMT+0000 (Coordinated Universal Time),Wed Mar 19 2025 04:24:15 GMT+0000 (Coordinated Universal Time),Wed Mar 19 2025 04:24:15 GMT+0000 (Coordinated Universal Time),https://cdn.prod.website-files.com/67da44024929a3dd38d282e7/67da46eecd688320f4dc4f01_asset-7.jpeg
asset 8,asset-8,67da44024929a3dd38d282ee,67da44024929a3dd38d282e1,67da46e9e34a825ff66a5d71,Wed Mar 19 2025 04:24:09 GMT+0000 (Coordinated Universal Time),Wed Mar 19 2025 04:24:09 GMT+0000 (Coordinated Universal Time),Wed Mar 19 2025 04:24:09 GMT+0000 (Coordinated Universal Time),https://cdn.prod.website-files.com/67da44024929a3dd38d282e7/67da46e9e34a825ff66a5d05_asset-8.jpeg
asset 9,asset-9,67da44024929a3dd38d282ee,67da44024929a3dd38d282e1,67da46e5f3b10b04edbb3170,Wed Mar 19 2025 04:24:05 GMT+0000 (Coordinated Universal Time),Wed Mar 19 2025 04:24:05 GMT+0000 (Coordinated Universal Time),Wed Mar 19 2025 04:24:05 GMT+0000 (Coordinated Universal Time),https://cdn.prod.website-files.com/67da44024929a3dd38d282e7/67da46e5f3b10b04edbb3164_asset-9.jpeg
