Name,Slug,Collection ID,Locale ID,Item ID,Created On,Updated On,Published On
AAIZEL,aaizel,67da4fda176daa0eb0eb0c51,67da44024929a3dd38d282e1,67da52a0ef5bc1b6810b25af,Wed Mar 19 2025 05:14:08 GMT+0000 (Coordinated Universal Time),Wed Mar 19 2025 05:14:08 GMT+0000 (Coordinated Universal Time),Wed Mar 19 2025 05:14:08 GMT+0000 (Coordinated Universal Time)
AMALIE GASSMANN x ANN DEMEULEMEESTER,amalie-gassmann-ann-demeulemeester,67da4fda176daa0eb0eb0c51,67da44024929a3dd38d282e1,67da52ace844174cc772f597,Wed Mar 19 2025 05:14:20 GMT+0000 (Coordinated Universal Time),Wed Mar 19 2025 05:14:20 GMT+0000 (Coordinated Universal Time),Wed Mar 19 2025 05:14:20 GMT+0000 (Coordinated Universal Time)
AMALIE GASSMANN x DIOR,amalie-gassmann-dior,67da4fda176daa0eb0eb0c51,67da44024929a3dd38d282e1,67da5229740041792cc464a7,Wed Mar 19 2025 05:12:09 GMT+0000 (Coordinated Universal Time),Wed Mar 19 2025 05:12:09 GMT+0000 (Coordinated Universal Time),Wed Mar 19 2025 05:12:09 GMT+0000 (Coordinated Universal Time)
ANAA SABER x BALENCIAGA,anaa-saber-balenciaga,67da4fda176daa0eb0eb0c51,67da44024929a3dd38d282e1,67da51d2f4ef3e36b03169e4,Wed Mar 19 2025 05:10:42 GMT+0000 (Coordinated Universal Time),Wed Mar 19 2025 05:10:42 GMT+0000 (Coordinated Universal Time),Wed Mar 19 2025 05:10:42 GMT+0000 (Coordinated Universal Time)
ANAA SABER x SACAI,anaa-saber-sacai,67da4fda176daa0eb0eb0c51,67da44024929a3dd38d282e1,67da521fde3193f70dc2cc16,Wed Mar 19 2025 05:11:59 GMT+0000 (Coordinated Universal Time),Wed Mar 19 2025 05:11:59 GMT+0000 (Coordinated Universal Time),Wed Mar 19 2025 05:11:59 GMT+0000 (Coordinated Universal Time)
ARCHITECTURAL DIGEST; MAISON KO,architectural-digest-maison-ko,67da4fda176daa0eb0eb0c51,67da44024929a3dd38d282e1,67da51d056a482d3c6ad6875,Wed Mar 19 2025 05:10:40 GMT+0000 (Coordinated Universal Time),Wed Mar 19 2025 05:10:40 GMT+0000 (Coordinated Universal Time),Wed Mar 19 2025 05:10:40 GMT+0000 (Coordinated Universal Time)
BRYANT BARNES,bryant-barnes,67da4fda176daa0eb0eb0c51,67da44024929a3dd38d282e1,67da52a862405571e64b79ab,Wed Mar 19 2025 05:14:16 GMT+0000 (Coordinated Universal Time),Wed Mar 19 2025 05:14:16 GMT+0000 (Coordinated Universal Time),Wed Mar 19 2025 05:14:16 GMT+0000 (Coordinated Universal Time)
CAMELIA FARHOODI x OTTOLINGER,camelia-farhoodi-ottolinger,67da4fda176daa0eb0eb0c51,67da44024929a3dd38d282e1,67da51d734ac1ec074de0af3,Wed Mar 19 2025 05:10:47 GMT+0000 (Coordinated Universal Time),Wed Mar 19 2025 05:10:47 GMT+0000 (Coordinated Universal Time),Wed Mar 19 2025 05:10:47 GMT+0000 (Coordinated Universal Time)
COSTOLO,costolo,67da4fda176daa0eb0eb0c51,67da44024929a3dd38d282e1,67da51d1b578c025980236aa,Wed Mar 19 2025 05:10:41 GMT+0000 (Coordinated Universal Time),Wed Mar 19 2025 05:10:41 GMT+0000 (Coordinated Universal Time),Wed Mar 19 2025 05:10:41 GMT+0000 (Coordinated Universal Time)
DREW STARKEY x LOEWE,drew-starkey-loewe,67da4fda176daa0eb0eb0c51,67da44024929a3dd38d282e1,67da52154e86b6ba60384d49,Wed Mar 19 2025 05:11:49 GMT+0000 (Coordinated Universal Time),Wed Mar 19 2025 05:11:49 GMT+0000 (Coordinated Universal Time),Wed Mar 19 2025 05:11:49 GMT+0000 (Coordinated Universal Time)
ELISA JOHNSON,elisa-johnson,67da4fda176daa0eb0eb0c51,67da44024929a3dd38d282e1,67da52249fc7534543ed29d1,Wed Mar 19 2025 05:12:04 GMT+0000 (Coordinated Universal Time),Wed Mar 19 2025 05:12:04 GMT+0000 (Coordinated Universal Time),Wed Mar 19 2025 05:12:04 GMT+0000 (Coordinated Universal Time)
HEART OF SUN SWIM,heart-of-sun-swim,67da4fda176daa0eb0eb0c51,67da44024929a3dd38d282e1,67da51cc7d8eb2c777c39e1b,Wed Mar 19 2025 05:10:36 GMT+0000 (Coordinated Universal Time),Wed Mar 19 2025 05:10:36 GMT+0000 (Coordinated Universal Time),Wed Mar 19 2025 05:10:36 GMT+0000 (Coordinated Universal Time)
HOLLY LIM x EN ROUTE,holly-lim-en-route,67da4fda176daa0eb0eb0c51,67da44024929a3dd38d282e1,67da51d42fc0672360026f81,Wed Mar 19 2025 05:10:44 GMT+0000 (Coordinated Universal Time),Wed Mar 19 2025 05:10:44 GMT+0000 (Coordinated Universal Time),Wed Mar 19 2025 05:10:44 GMT+0000 (Coordinated Universal Time)
JEFF GOLDBLUM x LOEWE,jeff-goldblum-loewe,67da4fda176daa0eb0eb0c51,67da44024929a3dd38d282e1,67da52aa4a71f370ffba448c,Wed Mar 19 2025 05:14:18 GMT+0000 (Coordinated Universal Time),Wed Mar 19 2025 05:14:18 GMT+0000 (Coordinated Universal Time),Wed Mar 19 2025 05:14:18 GMT+0000 (Coordinated Universal Time)
JESSIE ANDREWS x PRADA,jessie-andrews-prada,67da4fda176daa0eb0eb0c51,67da44024929a3dd38d282e1,67da521b2b97f5312f5b05ac,Wed Mar 19 2025 05:11:55 GMT+0000 (Coordinated Universal Time),Wed Mar 19 2025 05:11:55 GMT+0000 (Coordinated Universal Time),Wed Mar 19 2025 05:11:55 GMT+0000 (Coordinated Universal Time)
JONATHAN BAILEY x LOEWE,jonathan-bailey-loewe,67da4fda176daa0eb0eb0c51,67da44024929a3dd38d282e1,67da522817b3e5ed32f732be,Wed Mar 19 2025 05:12:08 GMT+0000 (Coordinated Universal Time),Wed Mar 19 2025 05:12:08 GMT+0000 (Coordinated Universal Time),Wed Mar 19 2025 05:12:08 GMT+0000 (Coordinated Universal Time)
LAUFEY,laufey,67da4fda176daa0eb0eb0c51,67da44024929a3dd38d282e1,67da52a402780e6b27ed6b6b,Wed Mar 19 2025 05:14:12 GMT+0000 (Coordinated Universal Time),Wed Mar 19 2025 05:14:12 GMT+0000 (Coordinated Universal Time),Wed Mar 19 2025 05:14:12 GMT+0000 (Coordinated Universal Time)
LUCY MCFADIN x COACH,lucy-mcfadin-coach,67da4fda176daa0eb0eb0c51,67da44024929a3dd38d282e1,67da51cdc2399f7c2434648e,Wed Mar 19 2025 05:10:37 GMT+0000 (Coordinated Universal Time),Wed Mar 19 2025 05:10:37 GMT+0000 (Coordinated Universal Time),Wed Mar 19 2025 05:10:37 GMT+0000 (Coordinated Universal Time)
MERDE MAGAZINE,merde-magazine,67da4fda176daa0eb0eb0c51,67da44024929a3dd38d282e1,67da529f64ab7d0e1c29084e,Wed Mar 19 2025 05:14:07 GMT+0000 (Coordinated Universal Time),Wed Mar 19 2025 05:14:07 GMT+0000 (Coordinated Universal Time),Wed Mar 19 2025 05:14:07 GMT+0000 (Coordinated Universal Time)
MOTHER DENIM,mother-denim,67da4fda176daa0eb0eb0c51,67da44024929a3dd38d282e1,67da5217bbb087a984537c18,Wed Mar 19 2025 05:11:51 GMT+0000 (Coordinated Universal Time),Wed Mar 19 2025 05:11:51 GMT+0000 (Coordinated Universal Time),Wed Mar 19 2025 05:11:51 GMT+0000 (Coordinated Universal Time)
NARS,nars,67da4fda176daa0eb0eb0c51,67da44024929a3dd38d282e1,67da51c5d552eca4657cbc92,Wed Mar 19 2025 05:10:29 GMT+0000 (Coordinated Universal Time),Wed Mar 19 2025 05:10:29 GMT+0000 (Coordinated Universal Time),Wed Mar 19 2025 05:10:29 GMT+0000 (Coordinated Universal Time)
NORDSTROM,nordstrom,67da4fda176daa0eb0eb0c51,67da44024929a3dd38d282e1,67da52b43bf8185f02f6f81c,Wed Mar 19 2025 05:14:28 GMT+0000 (Coordinated Universal Time),Wed Mar 19 2025 05:14:28 GMT+0000 (Coordinated Universal Time),Wed Mar 19 2025 05:14:28 GMT+0000 (Coordinated Universal Time)
OMAR APOLLO x ON,omar-apollo-on,67da4fda176daa0eb0eb0c51,67da44024929a3dd38d282e1,67da52af4a71f370ffba48a8,Wed Mar 19 2025 05:14:23 GMT+0000 (Coordinated Universal Time),Wed Mar 19 2025 05:14:23 GMT+0000 (Coordinated Universal Time),Wed Mar 19 2025 05:14:23 GMT+0000 (Coordinated Universal Time)
PAGE MAGAZINE,page-magazine,67da4fda176daa0eb0eb0c51,67da44024929a3dd38d282e1,67da51ce7d8eb2c777c3a045,Wed Mar 19 2025 05:10:38 GMT+0000 (Coordinated Universal Time),Wed Mar 19 2025 05:10:38 GMT+0000 (Coordinated Universal Time),Wed Mar 19 2025 05:10:38 GMT+0000 (Coordinated Universal Time)
PALOMA MARIA,paloma-maria,67da4fda176daa0eb0eb0c51,67da44024929a3dd38d282e1,67da522656a482d3c6add709,Wed Mar 19 2025 05:12:06 GMT+0000 (Coordinated Universal Time),Wed Mar 19 2025 05:12:06 GMT+0000 (Coordinated Universal Time),Wed Mar 19 2025 05:12:06 GMT+0000 (Coordinated Universal Time)
POLITE WORLDWIDE,polite-worldwide,67da4fda176daa0eb0eb0c51,67da44024929a3dd38d282e1,67da51c9e77c91f14e5953f3,Wed Mar 19 2025 05:10:33 GMT+0000 (Coordinated Universal Time),Wed Mar 19 2025 05:10:33 GMT+0000 (Coordinated Universal Time),Wed Mar 19 2025 05:10:33 GMT+0000 (Coordinated Universal Time)
REFY,refy,67da4fda176daa0eb0eb0c51,67da44024929a3dd38d282e1,67da52a6ca86c9566e21d11f,Wed Mar 19 2025 05:14:14 GMT+0000 (Coordinated Universal Time),Wed Mar 19 2025 05:14:14 GMT+0000 (Coordinated Universal Time),Wed Mar 19 2025 05:14:14 GMT+0000 (Coordinated Universal Time)
RHODE,rhode,67da4fda176daa0eb0eb0c51,67da44024929a3dd38d282e1,67da52b0bbb087a984544be4,Wed Mar 19 2025 05:14:24 GMT+0000 (Coordinated Universal Time),Wed Mar 19 2025 05:14:24 GMT+0000 (Coordinated Universal Time),Wed Mar 19 2025 05:14:24 GMT+0000 (Coordinated Universal Time)
SAMI MIRO VINTAGE,sami-miro-vintage,67da4fda176daa0eb0eb0c51,67da44024929a3dd38d282e1,67da51c86cc18865e6b2fa33,Wed Mar 19 2025 05:10:32 GMT+0000 (Coordinated Universal Time),Wed Mar 19 2025 05:10:32 GMT+0000 (Coordinated Universal Time),Wed Mar 19 2025 05:10:32 GMT+0000 (Coordinated Universal Time)
SAMI MIRO x EBAR,sami-miro-ebar,67da4fda176daa0eb0eb0c51,67da44024929a3dd38d282e1,67da522cc2399f7c2434d2d4,Wed Mar 19 2025 05:12:12 GMT+0000 (Coordinated Universal Time),Wed Mar 19 2025 05:12:12 GMT+0000 (Coordinated Universal Time),Wed Mar 19 2025 05:12:12 GMT+0000 (Coordinated Universal Time)
SAMI MIRO x HM x RABANNE,sami-miro-hm-rabanne,67da4fda176daa0eb0eb0c51,67da44024929a3dd38d282e1,67da52b2e844174cc772fb6c,Wed Mar 19 2025 05:14:26 GMT+0000 (Coordinated Universal Time),Wed Mar 19 2025 05:14:26 GMT+0000 (Coordinated Universal Time),Wed Mar 19 2025 05:14:26 GMT+0000 (Coordinated Universal Time)
SOLID AND STRIPED,solid-and-striped,67da4fda176daa0eb0eb0c51,67da44024929a3dd38d282e1,67da522220ab7de693fff319,Wed Mar 19 2025 05:12:02 GMT+0000 (Coordinated Universal Time),Wed Mar 19 2025 05:12:02 GMT+0000 (Coordinated Universal Time),Wed Mar 19 2025 05:12:02 GMT+0000 (Coordinated Universal Time)
SUMMER FRIDAYS,summer-fridays,67da4fda176daa0eb0eb0c51,67da44024929a3dd38d282e1,67da521d6cc18865e6b364e0,Wed Mar 19 2025 05:11:57 GMT+0000 (Coordinated Universal Time),Wed Mar 19 2025 05:11:57 GMT+0000 (Coordinated Universal Time),Wed Mar 19 2025 05:11:57 GMT+0000 (Coordinated Universal Time)
TINX x DAVID YURMAN,tinx-david-yurman,67da4fda176daa0eb0eb0c51,67da44024929a3dd38d282e1,67da52a1c56d42732d2a0c2d,Wed Mar 19 2025 05:14:09 GMT+0000 (Coordinated Universal Time),Wed Mar 19 2025 05:14:09 GMT+0000 (Coordinated Universal Time),Wed Mar 19 2025 05:14:09 GMT+0000 (Coordinated Universal Time)
TINX x INTIMISSI,tinx-intimissi,67da4fda176daa0eb0eb0c51,67da44024929a3dd38d282e1,67da51d5b578c02598023b06,Wed Mar 19 2025 05:10:45 GMT+0000 (Coordinated Universal Time),Wed Mar 19 2025 05:10:45 GMT+0000 (Coordinated Universal Time),Wed Mar 19 2025 05:10:45 GMT+0000 (Coordinated Universal Time)
TINX x MESSIKA,tinx-messika,67da4fda176daa0eb0eb0c51,67da44024929a3dd38d282e1,67da5219e77c91f14e59b712,Wed Mar 19 2025 05:11:53 GMT+0000 (Coordinated Universal Time),Wed Mar 19 2025 05:11:53 GMT+0000 (Coordinated Universal Time),Wed Mar 19 2025 05:11:53 GMT+0000 (Coordinated Universal Time)
TINX x RALPH LAUREN,tinx-ralph-lauren,67da4fda176daa0eb0eb0c51,67da44024929a3dd38d282e1,67da521352cb20d663bd083e,Wed Mar 19 2025 05:11:47 GMT+0000 (Coordinated Universal Time),Wed Mar 19 2025 05:11:47 GMT+0000 (Coordinated Universal Time),Wed Mar 19 2025 05:11:47 GMT+0000 (Coordinated Universal Time)
ZIGZAG,zigzag,67da4fda176daa0eb0eb0c51,67da44024929a3dd38d282e1,67da52ad52cb20d663bdb79d,Wed Mar 19 2025 05:14:21 GMT+0000 (Coordinated Universal Time),Wed Mar 19 2025 05:14:21 GMT+0000 (Coordinated Universal Time),Wed Mar 19 2025 05:14:21 GMT+0000 (Coordinated Universal Time)
